t_ns,id,duration_ns
2027313,step.compute,775489
2082227,step.service,831605
208908567,step.compute,157941
208912884,step.service,163230
1094189205,step.compute,154394
1094193913,step.service,160305
1157479884,step.compute,284969
1157484792,step.service,291139
1157799131,step.compute,169841
1157802076,step.service,173327
1158070997,step.compute,162118
1158073721,step.service,165193
1182078185,step.compute,159102
1182083364,step.service,165975
1198472051,step.compute,335835
1198481417,step.service,348918
1217836185,step.compute,166616
1217841635,step.service,173918
1234489135,step.compute,277956
1234494664,step.service,284708
1260004748,step.compute,351782
1260012872,step.service,361129
1284694826,step.compute,324395
1284701037,step.service,331699
1301437249,step.compute,269592
1301460409,step.service,296417
1318055129,step.compute,280640
1318060258,step.service,287182
1334814320,step.compute,358835
1334821583,step.service,368230
1367626744,step.compute,188694
1367632795,step.service,196106
1384398097,step.compute,322502
1384404387,step.service,331278
1400786202,step.compute,186339
1400790971,step.service,192419
1417649833,step.compute,176513
1417655974,step.service,184035
1434812776,step.compute,350841
1434823174,step.service,362851
1458691936,step.compute,232889
1458696884,step.service,240352
1485801850,step.compute,190055
1485808461,step.service,198711
1502841151,step.compute,272737
1502847522,step.service,338901
1519662760,step.compute,194504
1519667768,step.service,200984
1535985584,step.compute,343168
1535993197,step.service,353256
1569386025,step.compute,208297
1569393438,step.service,218034
1585818717,step.compute,182312
1585823786,step.service,189565
1602551383,step.compute,389858
1602557464,step.service,397240
1618576678,step.compute,363172
1618583299,step.service,373419
1635201399,step.compute,372989
1635208040,step.service,382045
1659607882,step.compute,236355
1659613962,step.service,243868
1684196056,step.compute,168999
1684201265,step.service,175310
1701104173,step.compute,176302
1701109602,step.service,183925
1718030561,step.compute,287883
1718037092,step.service,361429
1734323854,step.compute,305223
1734330435,step.service,312866
1767284672,step.compute,246302
1767290251,step.service,253003
1784098567,step.compute,199692
1784103816,step.service,207065
1800541016,step.compute,285830
1800546145,step.service,292370
1817383440,step.compute,184766
1817390152,step.service,192670
1834513177,step.compute,347485
1834518947,step.service,355349
1873978528,step.compute,162348
1873983467,step.service,169631
1884710364,step.compute,314929
1884715603,step.service,322202
1900532189,step.compute,184806
1900537669,step.service,191589
1917650516,step.compute,296478
1917655886,step.service,303560
1950748329,step.compute,261218
1950753668,step.service,268941
1968856051,step.compute,304552
1968861390,step.service,311403
1985377044,step.compute,269142
1985382553,step.service,275943
2001740286,step.compute,171033
2001746076,step.service,179077
2018595412,step.compute,226488
2018602384,step.service,236465
2034947515,step.compute,257802
2034953666,step.service,311984
2075092219,step.compute,227109
2075097318,step.service,233670
2075455992,step.compute,177665
2075458927,step.service,181010
2101528338,step.compute,217522
2101534188,step.service,225686
2118374628,step.compute,183875
2118380608,step.service,191589
2135409421,step.compute,338280
2135414890,step.service,345081
2168085139,step.compute,169220
2168090939,step.service,176493
2185061893,step.compute,336877
2185068154,step.service,345722
2201833736,step.compute,227109
2201839816,step.service,235122
2218228392,step.compute,319718
2218237317,step.service,330125
2235281376,step.compute,335234
2235289811,step.service,344761
2268246500,step.compute,292471
2268256067,step.service,303530
2291732746,step.compute,156789
2291737774,step.service,163009
2302495714,step.compute,275442
2302501564,step.service,282544
2319332178,step.compute,342898
2319337607,step.service,350620
2335395216,step.compute,330766
2335400765,step.service,339752
2368491204,step.compute,296628
2368496754,step.service,303720
2384328195,step.compute,198040
2384379393,step.service,251380
2401502788,step.compute,270934
2401509229,step.service,278547
2418424207,step.compute,299743
2418429676,step.service,307467
2434793259,step.compute,240853
2434798578,step.service,247594
2469124975,step.compute,362541
2469130484,step.service,370384
2492029513,step.compute,233320
2492034612,step.service,239791
2502192364,step.compute,193822
2502198003,step.service,201806
2518728563,step.compute,340373
2518734603,step.service,396289
2535219724,step.compute,276263
2535226155,step.service,284047
2568208689,step.compute,187090
2568215030,step.service,195545
2585024768,step.compute,290047
2585030978,step.service,298331
2601892474,step.compute,209479
2601898645,step.service,216992
2618762385,step.compute,189534
2618768456,step.service,197218
2647746108,step.compute,383677
2647752269,step.service,392032
2670897630,step.compute,268871
2670903460,step.service,276834
2692971356,step.compute,230825
2692976705,step.service,237386
2702737016,step.compute,169390
2702742696,step.service,176352
2718819888,step.compute,175480
2718825167,step.service,182603
2735605625,step.compute,569405
2735617866,step.service,584090
2768863941,step.compute,216711
2768869030,step.service,225196
2784955308,step.compute,194673
2784961328,step.service,202407
2801672767,step.compute,175421
2801678487,step.service,182653
2818281460,step.compute,214287
2818287290,step.service,222902
2835077975,step.compute,219896
2835084767,step.service,229573
2868310447,step.compute,193070
2868316668,step.service,201095
2885928890,step.compute,365937
2885937435,step.service,377156
2907981970,step.compute,161526
2907987069,step.service,167958
2918933111,step.compute,196016
2918938681,step.service,203077
2935198386,step.compute,162248
2935203575,step.service,168399
2968713833,step.compute,190136
2968722007,step.service,200043
2984376866,step.compute,170001
2984382706,step.service,177804
3001165276,step.compute,186379
3001171937,step.service,194734
3017896398,step.compute,191868
3017903580,step.service,201044
3035137414,step.compute,344420
3035144085,step.service,352614
3067558595,step.compute,182642
3067565056,step.service,191027
3084585594,step.compute,187852
3084590833,step.service,194653
3101186423,step.compute,180960
3101194357,step.service,190847
3124740604,step.compute,176833
3124745723,step.service,183304
3134961423,step.compute,180279
3134969277,step.service,190927
3168598337,step.compute,191398
3168603586,step.service,198550
3186109205,step.compute,288745
3186118140,step.service,299873
3202772481,step.compute,170462
3202777870,step.service,177194
3217906587,step.compute,167537
3217911866,step.service,175029
3234859199,step.compute,175801
3234864378,step.service,182813
3267937836,step.compute,172105
3267945419,step.service,181631
3284589061,step.compute,195525
3284596123,step.service,203840
3301033112,step.compute,172295
3301039102,step.service,180018
3317883939,step.compute,163581
3317889559,step.service,170983
3341423675,step.compute,162668
3341428814,step.service,169480
3368469778,step.compute,225396
3368477000,step.service,234873
3384236378,step.compute,168028
3384243160,step.service,176773
3401103323,step.compute,172175
3401109644,step.service,179948
3418173436,step.compute,180459
3418179105,step.service,187822
3435169562,step.compute,238128
3435176324,step.service,248045
3468218909,step.compute,172255
3468225100,step.service,180329
3484496534,step.compute,197939
3484504759,step.service,208497
3500887304,step.compute,176352
3500893164,step.service,184496
3517913411,step.compute,253083
3517920463,step.service,262409
3541333833,step.compute,165885
3541339002,step.service,172786
3567754344,step.compute,210250
3567761697,step.service,219035
3584991834,step.compute,166184
3584997183,step.service,173086
3601015324,step.compute,227790
3601023227,step.service,239079
3617744823,step.compute,185417
3617752376,step.service,195364
3635701605,step.compute,1023684
3635731156,step.service,1053995
3668642797,step.compute,205913
3668649418,step.service,214768
3684836729,step.compute,194072
3684841918,step.service,201084
3701099208,step.compute,205031
3701107582,step.service,215209
3717698745,step.compute,167087
3717708351,step.service,178807
3734305875,step.compute,174599
3734312456,step.service,184355
3758196131,step.compute,184736
3758201390,step.service,191298
3784484216,step.compute,201726
3784492390,step.service,211713
3800929999,step.compute,173617
3800935839,step.service,180849
3817639334,step.compute,215119
3817645154,step.service,222671
3834192691,step.compute,196446
3834198461,step.service,203479
3868088379,step.compute,225586
3868094128,step.service,233561
3883987576,step.compute,164923
3883993866,step.service,173237
3901189174,step.compute,186950
3901195144,step.service,194513
3918521977,step.compute,233440
3918527516,step.service,241764
3933946571,step.compute,169330
3933951940,step.service,176552
3974502147,step.compute,229293
3974507686,step.service,236324
3974835177,step.compute,181071
3974838813,step.service,184997
4001708824,step.compute,185779
4001716066,step.service,194823
4018476698,step.compute,206384
4018482608,step.service,214598
4035232221,step.compute,170953
4035237791,step.service,177894
4068469008,step.compute,224435
4068475449,step.service,232639
4084907699,step.compute,213035
4084914410,step.service,221159
4101857746,step.compute,163069
4101862944,step.service,170552
4119142476,step.compute,179027
4119147855,step.service,185908
4135591804,step.compute,209759
4135599568,step.service,218775
4174959985,step.compute,167377
4174964693,step.service,173427
4175216013,step.compute,119966
4175218838,step.service,123411
4201499148,step.compute,222020
4201506461,step.service,231637
4218110445,step.compute,187732
4218117156,step.service,196136
4235254223,step.compute,168779
4235260975,step.service,176963
4268081879,step.compute,194053
4268088340,step.service,203408
4284921587,step.compute,164311
4284926956,step.service,170953
4301740589,step.compute,174760
4301745307,step.service,181140
4318176164,step.compute,212454
4318181423,step.service,220057
4335920652,step.compute,182964
4335926181,step.service,190897
4374370098,step.compute,173497
4374375067,step.service,179728
4374654666,step.compute,128720
4374683175,step.service,157560
4401054631,step.compute,163480
4401060270,step.service,170582
4417913441,step.compute,180709
4417919291,step.service,189044
4434386240,step.compute,206414
4434392391,step.service,214417
4468219559,step.compute,161777
4468225188,step.service,168599
4484916572,step.compute,193842
4484922051,step.service,201345
4501169214,step.compute,178105
4501174072,step.service,184727
4518248241,step.compute,188703
4518253160,step.service,195184
4534921875,step.compute,481645
4534938683,step.service,500567
4568254416,step.compute,183785
4568260586,step.service,191678
4592019978,step.compute,173697
4592025617,step.service,181381
4602117105,step.compute,197569
4602122744,step.service,204601
4617615775,step.compute,229142
4617621234,step.service,236706
4646381012,step.compute,224404
4646386772,step.service,231927
4670029694,step.compute,171664
4670034222,step.service,177865
4699602173,step.compute,191518
4699608184,step.service,198800
4699872016,step.compute,120296
4699874931,step.service,123642
4716341509,step.compute,201615
4716346718,step.service,208718
4749087836,step.compute,185167
4749094247,step.service,194102
4766024079,step.compute,190366
4766031231,step.service,200523
4783513700,step.compute,213556
4783520241,step.service,222090
4806391381,step.compute,207366
4806396860,step.service,214037
4816975833,step.compute,189385
4816982003,step.service,197408
4849206556,step.compute,161416
4849211875,step.service,168018
4866210024,step.compute,162158
4866214692,step.service,167958
4882592599,step.compute,187421
4882598138,step.service,194163
4899219933,step.compute,191357
4899226414,step.service,200573
4916362729,step.compute,173707
4916369541,step.service,183684
4949152701,step.compute,181120
4949159332,step.service,189385
4965728797,step.compute,231857
4965736029,step.service,241754
4982119605,step.compute,168569
4982124924,step.service,175711
4999094003,step.compute,186540
4999099362,step.service,192950
5022481246,step.compute,179237
5022486836,step.service,186239
5049233063,step.compute,214167
5049238402,step.service,220908
5065413611,step.compute,203469
5065419370,step.service,211242
5082562657,step.compute,201846
5082568828,step.service,209990
5099040865,step.compute,169060
5099046294,step.service,176172
5115757521,step.compute,182853
5115762861,step.service,189324
5149278654,step.compute,172426
5149283933,step.service,179758
5165732530,step.compute,195054
5165739562,step.service,204420
5182780073,step.compute,180449
5182787175,step.service,190006
5199241933,step.compute,188052
5199250988,step.service,199952
5222777600,step.compute,162839
5222782779,step.service,169691
5249448318,step.compute,172615
5249457684,step.service,192099
5265494005,step.compute,187631
5265499585,step.service,194423
5282437941,step.compute,168539
5282453998,step.service,185858
5299332622,step.compute,198189
5299339113,step.service,207716
5315430037,step.compute,173758
5315435517,step.service,180429
5348791226,step.compute,180119
5348796525,step.service,186500
5366227234,step.compute,174218
5366233635,step.service,183194
5382427977,step.compute,197047
5382432875,step.service,205933
5398548862,step.compute,183444
5398554722,step.service,190647
5415611762,step.compute,185768
5415617512,step.service,192970
5438592468,step.compute,316142
5438598749,step.service,323885
5466131634,step.compute,193442
5466137584,step.service,201015
5482352701,step.compute,162508
5482357469,step.service,168368
5499160253,step.compute,219867
5499166283,step.service,227670
5515772911,step.compute,207316
5515780123,step.service,217443
5548855272,step.compute,164702
5548860501,step.service,171544
5565119593,step.compute,168488
5565124452,step.service,175300
5582042082,step.compute,177243
5582049294,step.service,185748
5599018543,step.compute,160775
5599023382,step.service,167307
5615741170,step.compute,167196
5615746699,step.service,175010
5638437780,step.compute,161747
5638460348,step.service,185698
5665271106,step.compute,173277
5665276225,step.service,179878
5682984870,step.compute,179418
5682990209,step.service,186179
5700084122,step.compute,166135
5700089982,step.service,173827
5715580898,step.compute,218193
5715586488,step.service,226187
5749222347,step.compute,163260
5749228167,step.service,170332
5765425323,step.compute,188232
5765431905,step.service,196897
5782232284,step.compute,164092
5782237483,step.service,171414
5798932833,step.compute,195856
5798939184,step.service,203789
5815679981,step.compute,180419
5815685621,step.service,188112
5839557764,step.compute,187801
5839562853,step.service,193993
5865601488,step.compute,188814
5865607709,step.service,196897
5882319847,step.compute,162979
5882324966,step.service,169350
5898812530,step.compute,180199
5898819903,step.service,190146
5915579733,step.compute,181331
5915584922,step.service,187992
5949166508,step.compute,191669
5949175023,step.service,205091
5965717621,step.compute,180219
5965722850,step.service,186860
5981836282,step.compute,166666
5981841862,step.service,173828
5999605030,step.compute,186629
5999611110,step.service,193963
6015777453,step.compute,164792
6015783273,step.service,172296
6039549915,step.compute,192950
6039555385,step.service,199652
6066758103,step.compute,170652
6066763843,step.service,177885
6083024377,step.compute,174980
6083029736,step.service,181581
6099975524,step.compute,198250
6099984179,step.service,209679
6116343562,step.compute,198810
6116351015,step.service,208548
6149272570,step.compute,188222
6149280022,step.service,197058
6166172018,step.compute,172455
6166177027,step.service,178726
6182682781,step.compute,187572
6182689813,step.service,196596
6199865315,step.compute,216200
6199870353,step.service,222852
6216271218,step.compute,176653
6216276627,step.service,183405
6239798640,step.compute,200864
6239804250,step.service,207826
6265990817,step.compute,164062
6265996237,step.service,171634
6283467154,step.compute,196105
6283473034,step.service,203719
6300210946,step.compute,177905
6300216866,step.service,184927
6316397123,step.compute,195184
6316404035,step.service,203658
6349251222,step.compute,344921
6349259867,step.service,355819
6366435468,step.compute,184225
6366453910,step.service,204049
6382932478,step.compute,182032
6382975331,step.service,226337
6399344512,step.compute,174809
6399350332,step.service,182122
6416859675,step.compute,203779
6416865044,step.service,211593
6440104102,step.compute,222611
6440110173,step.service,229913
6467795999,step.compute,259675
6467802470,step.service,267428
6484274306,step.compute,221379
6484283562,step.service,233220
6501528382,step.compute,219637
6501535033,step.service,227790
6518141440,step.compute,329504
6518148322,step.service,337848
6535071742,step.compute,192740
6535077541,step.service,200103
6566301588,step.compute,219486
6566309301,step.service,228672
6583456384,step.compute,218824
6583462795,step.service,227860
6600484243,step.compute,278066
6600490684,step.service,286480
6617912828,step.compute,211482
6617918508,step.service,218374
6642149135,step.compute,161386
6642154233,step.service,167667
6668977221,step.compute,168118
6668983361,step.service,175721
6699581376,step.compute,239420
6699591884,step.service,252392
6699927258,step.compute,171003
6699931305,step.service,175731
6716200454,step.compute,314529
6716207987,step.service,323354
6749501749,step.compute,417836
6749509011,step.service,427202
6765883451,step.compute,221319
6765889912,step.service,229703
6782905950,step.compute,219947
6782911189,step.service,227310
6799718169,step.compute,202867
6799724651,step.service,210932
6816647149,step.compute,289375
6816653019,step.service,297559
6855599043,step.compute,267438
6855605023,step.service,274601
6855973304,step.compute,204871
6855977321,step.service,209329
6881614548,step.compute,222651
6881620097,step.service,229944
6897993535,step.compute,196426
6897999305,step.service,205552
6915248583,step.compute,279419
6915255564,step.service,288514
6947875021,step.compute,192650
6947882314,step.service,201715
6964380695,step.compute,181921
6964386155,step.service,188973
6982137623,step.compute,192741
6982144835,step.service,202727
6999122657,step.compute,199051
6999129268,step.service,208257
7014935103,step.compute,204460
7014940533,step.service,211543
7033457061,step.compute,220698
7033464143,step.service,230074
7056870296,step.compute,159703
7056875816,step.service,166625
7082525944,step.compute,202246
7082533056,step.service,211702
7099889767,step.compute,181210
7099895607,step.service,188824
7116401491,step.compute,219877
7116407311,step.service,228561
7149416905,step.compute,192479
7149424508,step.service,202867
7165675105,step.compute,171654
7165680183,step.service,177594
7183228332,step.compute,212864
7183233872,step.service,219736
7199309529,step.compute,207456
7199315589,step.service,214969
7215979374,step.compute,242235
7215989461,step.service,255648
7233552285,step.compute,413048
7233562032,step.service,424387
7272477172,step.compute,180008
7272482952,step.service,187200
7283957477,step.compute,187751
7283963678,step.service,196707
7299747735,step.compute,174519
7299752984,step.service,182162
7315504085,step.compute,176693
7315509775,step.service,183564
7349097549,step.compute,193461
7349105313,step.service,202707
7365458515,step.compute,246041
7365465166,step.service,253915
7382206574,step.compute,161277
7382211803,step.service,168859
7399869720,step.compute,195424
7399876662,step.service,205001
7416382015,step.compute,259956
7416391561,step.service,271715
7449971943,step.compute,188383
7449979796,step.service,199662
7472673269,step.compute,242004
7472679119,step.service,249488
7483678481,step.compute,212404
7483684161,step.service,219666
7498207649,step.compute,279889
7498212998,step.service,287162
7515212177,step.compute,210952
7515217245,step.service,217873
7548666352,step.compute,278617
7548675738,step.service,290467
7565726025,step.compute,176473
7565731474,step.service,183384
7581407967,step.compute,199772
7581414508,step.service,208257
7597482753,step.compute,186630
7597488613,step.service,194012
7615335955,step.compute,187240
7615341544,step.service,195075
7650407761,step.compute,211993
7650418049,step.service,224595
7671941758,step.compute,163951
7671947037,step.service,170572
7683203278,step.compute,282274
7683209940,step.service,290297
7699500124,step.compute,199211
7699505323,step.service,206404
7716071069,step.compute,194303
7716078041,step.service,203088
7749773400,step.compute,172947
7749778489,step.service,179868
7765664321,step.compute,186359
7765669319,step.service,192740
7783045464,step.compute,240632
7783051775,step.service,248956
7799293185,step.compute,172135
7799298244,step.service,178436
7815494558,step.compute,254095
7815501610,step.service,264333
7848676617,step.compute,196707
7848683409,step.service,205061
7865604173,step.compute,304792
7865610925,step.service,313687
7888853148,step.compute,171604
7888857896,step.service,177625
7900663318,step.compute,205923
7900669238,step.service,213927
7914673757,step.compute,244258
7914679117,step.service,251491
7947139149,step.compute,181361
7947144949,step.service,189385
7963648289,step.compute,160756
7963653277,step.service,166946
7980372306,step.compute,247114
7980378537,step.service,254846
7996903803,step.compute,185347
7996909693,step.service,192890
8013726780,step.compute,248846
8013733371,step.service,259284
8047142087,step.compute,213666
8047147917,step.service,223062
8064612783,step.compute,212955
8064618593,step.service,220077
8080477508,step.compute,193471
8080485131,step.service,202948
8104635269,step.compute,165173
8104640548,step.service,172806
8115346386,step.compute,175371
8115352707,step.service,183314
8148135080,step.compute,365225
8148142343,step.service,374001
8165297789,step.compute,279720
8165303929,step.service,287272
8182937294,step.compute,319738
8182943805,step.service,330436
8199235722,step.compute,453517
8199243976,step.service,463434
8215585548,step.compute,186440
8215591538,step.service,194112
8248745688,step.compute,206203
8248751428,step.service,213877
8265277646,step.compute,211782
8265285991,step.service,224534
8282350641,step.compute,177314
8282355650,step.service,183594
8305238376,step.compute,257972
8305245268,step.service,266056
8316748231,step.compute,234542
8316754512,step.service,242165
8348991021,step.compute,198190
8349001278,step.service,211021
8365060276,step.compute,169931
8365065886,step.service,177604
8381360307,step.compute,191428
8381398152,step.service,231437
8398081679,step.compute,174719
8398087960,step.service,182903
8414571956,step.compute,175782
8414577435,step.service,183144
8447170464,step.compute,171254
8447176144,step.service,178476
8464086911,step.compute,271254
8464093081,step.service,278998
8482042397,step.compute,172035
8482048107,step.service,178866
8497122218,step.compute,168759
8497127417,step.service,175491
8521422372,step.compute,159964
8521427110,step.service,166486
8547661978,step.compute,225476
8547669732,step.service,235383
8564133433,step.compute,198530
8564140174,step.service,207736
8581126681,step.compute,162869
8581132511,step.service,171093
8597334453,step.compute,186520
8597339452,step.service,192950
8614113124,step.compute,168689
8614118373,step.service,175490
8666454150,step.compute,274971
8666460511,step.service,283545
8666730263,step.compute,129521
8666733849,step.service,133649
8695507446,step.compute,195916
8695512344,step.service,202738
8695789519,step.compute,139529
8695792464,step.service,142885
8735239133,step.compute,161467
8735244192,step.service,167697
8735541361,step.compute,132827
8735544296,step.service,136264
8761760733,step.compute,187281
8761767264,step.service,195314
8779053914,step.compute,242485
8779061447,step.service,252813
8795635097,step.compute,179618
8795641568,step.service,187681
8828619777,step.compute,232849
8828625687,step.service,241303
8845664223,step.compute,173898
8845669422,step.service,180630
8861924505,step.compute,171604
8861930105,step.service,178415
8878628618,step.compute,172115
8878633857,step.service,179227
8894989022,step.compute,180349
8894993890,step.service,187101
8928818129,step.compute,271825
8928823979,step.service,279419
8951350765,step.compute,161196
8951356385,step.service,168058
8962917268,step.compute,178625
8962923619,step.service,186840
8978464228,step.compute,208137
8978471140,step.service,218324
8995089656,step.compute,173618
8995095315,step.service,180970
9028243925,step.compute,174329
9028248743,step.service,180690
9045962405,step.compute,418247
9045969818,step.service,428023
9061377519,step.compute,165083
9061382428,step.service,171854
9078212986,step.compute,172977
9078219147,step.service,180599
9095249658,step.compute,177304
9095254597,step.service,183604
9129623426,step.compute,203128
9129628455,step.service,209249
9152342462,step.compute,165183
9152347901,step.service,172275
9164030592,step.compute,198570
9164035671,step.service,205452
9179607013,step.compute,273108
9179614385,step.service,282564
9195598214,step.compute,189084
9195604625,step.service,196918
9217594451,step.compute,170612
9217599299,step.service,177044
9244916671,step.compute,257281
9244922821,step.service,264814
9261774466,step.compute,246953
9261780757,step.service,254466
9278967345,step.compute,297479
9278973626,step.service,305614
9295513717,step.compute,219385
9295522492,step.service,230806
9328601223,step.compute,189264
9328606271,step.service,195625
9345497083,step.compute,204610
9345507351,step.service,218284
9368000228,step.compute,161887
9368005668,step.service,168518
9379092198,step.compute,191808
9379099180,step.service,201365
9395285926,step.compute,245230
9395293258,step.service,254997
9427930462,step.compute,173336
9427936923,step.service,182012
9444369009,step.compute,173638
9444375561,step.service,181541
9461139445,step.compute,199322
9461145255,step.service,207646
9478258558,step.compute,198611
9478265530,step.service,208136
9494419620,step.compute,181861
9494427003,step.service,190817
9527341992,step.compute,192970
9527347412,step.service,200453
9545729859,step.compute,174890
9545737512,step.service,184516
9569476564,step.compute,176342
9569481943,step.service,182643
9578004732,step.compute,175431
9578010822,step.service,182934
9594931576,step.compute,199541
9594936664,step.service,206604
9627834104,step.compute,212524
9627839393,step.service,220587
9645033975,step.compute,171905
9645039735,step.service,179397
9662089489,step.compute,167147
9662094688,step.service,173758
9678514704,step.compute,236105
9678522377,step.service,245551
9694700308,step.compute,191588
9694707580,step.service,201855
9728976860,step.compute,164963
9728984383,step.service,173948
9744616909,step.compute,249467
9744622008,step.service,256069
9762124868,step.compute,183454
9762130468,step.service,190246
9785240763,step.compute,161146
9785245662,step.service,168238
9795960305,step.compute,323694
9795967387,step.service,332720
9827910632,step.compute,243697
9827916452,step.service,251621
9844409362,step.compute,166615
9844414261,step.service,172836
9861420570,step.compute,182022
9861426120,step.service,189684
9878295405,step.compute,170222
9878301556,step.service,177755
9894422990,step.compute,190967
9894428539,step.service,198420
9928474236,step.compute,184466
9928479615,step.service,191277
9944555030,step.compute,369012
9944561732,step.service,378930
9961489567,step.compute,207656
9961494235,step.service,214187
9978810235,step.compute,171503
9978816035,step.service,178857
10000653569,step.compute,193271
10000658748,step.service,199793
10028126015,step.compute,201626
10028131405,step.service,209499
10044856212,step.compute,186229
10044863594,step.service,195214
10061582862,step.compute,209880
10061587310,step.service,215820
10077220006,step.compute,191478
10077225085,step.service,198009
10095358004,step.compute,174509
10095363433,step.service,181611
10128728222,step.compute,217373
10128734813,step.service,225105
10146377122,step.compute,266106
10146383342,step.service,273990
10162307798,step.compute,231436
10162313598,step.service,238328
10178311701,step.compute,269792
10178318012,step.service,278687
10195430703,step.compute,231717
10195436663,step.service,238598
10218889034,step.compute,190857
10218894383,step.service,197438
10245811568,step.compute,179067
10245817808,step.service,187752
10262783378,step.compute,255317
10262790180,step.service,264042
10279115923,step.compute,179217
10279123636,step.service,189304
10296317086,step.compute,200784
10296327374,step.service,214517
10329300612,step.compute,175460
10329307193,step.service,183153
10345636753,step.compute,362251
10345643485,step.service,371626
10363039712,step.compute,188372
10363070334,step.service,220558
10379163389,step.compute,199362
10379168468,step.service,205773
10394619623,step.compute,192930
10394625664,step.service,200884
10434995221,step.compute,238999
10435000770,step.service,246292
10435366216,step.compute,199352
10435370143,step.service,203910
10462040465,step.compute,178817
10462047457,step.service,187741
10478772805,step.compute,171804
10478778345,step.service,178456
10494537638,step.compute,181661
10494543177,step.service,189445
10528908540,step.compute,181621
10528913759,step.service,188663
10544829250,step.compute,165824
10544834569,step.service,172335
10569860424,step.compute,156828
10569865273,step.service,162879
10578355976,step.compute,180409
10578362477,step.service,188493
10595043259,step.compute,167347
10595048628,step.service,174478
10637186123,step.compute,163911
10637191392,step.service,170422
10637452169,step.compute,114315
10637455004,step.service,130383
10663312944,step.compute,160915
10663318023,step.service,167487
10678883174,step.compute,170141
10678889254,step.service,177624
10694945276,step.compute,172476
10694950595,step.service,179076
10728083597,step.compute,170422
10728089216,step.service,177574
10744912692,step.compute,167327
10744917791,step.service,174398
10761610533,step.compute,190897
10761616874,step.service,198700
10778003412,step.compute,168929
10778009232,step.service,176302
10794596353,step.compute,180670
10794601612,step.service,187130
10834914331,step.compute,318586
10834928105,step.service,333932
10835254414,step.compute,160615
10835257720,step.service,164401
10861329527,step.compute,164652
10861335417,step.service,172155
10878215169,step.compute,165424
10878220969,step.service,172816
10894456448,step.compute,175140
10894477574,step.service,197979
10927767284,step.compute,201766
10927773154,step.service,209319
10944400965,step.compute,170993
10944406184,step.service,177704
10961528262,step.compute,176944
10961533871,step.service,183995
10978067491,step.compute,173317
10978074403,step.service,183164
10994267539,step.compute,167367
10994273609,step.service,175340
11028024217,step.compute,173818
11028029346,step.service,180730
11062283026,step.compute,157520
11062287564,step.service,163260
11062589692,step.compute,124724
11062592967,step.service,128510
11073941555,step.compute,176161
11073946674,step.service,183023
11094921049,step.compute,189284
11094927470,step.service,197118
11129336346,step.compute,185878
11129342877,step.service,193893
11145717714,step.compute,165734
11145723143,step.service,173667
11164161765,step.compute,328904
11164169138,step.service,337979
11180033891,step.compute,176572
11180039421,step.service,183474
11196363491,step.compute,188413
11196368299,step.service,194683
11212905865,step.compute,180259
11212911965,step.service,188743
11253163348,step.compute,212023
11253168988,step.service,218824
11253489577,step.compute,184246
11253493063,step.service,188052
11279120979,step.compute,174650
11279126488,step.service,181701
11295814231,step.compute,159984
11295819631,step.service,167697
11328521082,step.compute,234372
11328526471,step.service,241844
11345800098,step.compute,194863
11345805407,step.service,201916
11362234266,step.compute,173337
11362239736,step.service,180449
11379040352,step.compute,173998
11379046372,step.service,182292
11395015044,step.compute,226438
11395020463,step.service,234702
11412900638,step.compute,202246
11412907390,step.service,210911
11445052819,step.compute,178736
11445059190,step.service,187070
11468624142,step.compute,273038
11468630343,step.service,281221
11479712504,step.compute,198329
11479718505,step.service,206553
11497858695,step.compute,157429
11497863223,step.service,163500
11512696339,step.compute,207966
11512702270,step.service,215359
11545908816,step.compute,255247
11545922510,step.service,271966
11562079033,step.compute,195455
11562084963,step.service,203508
11579421657,step.compute,169360
11579427728,step.service,177213
11595253605,step.compute,192229
11595259344,step.service,199902
11628390682,step.compute,206994
11628397344,step.service,217092
11645988915,step.compute,214858
11645994194,step.service,221179
11669108394,step.compute,161307
11669113803,step.service,167807
11679365062,step.compute,214858
11679370261,step.service,222361
11695475506,step.compute,229743
11695483640,step.service,240162
11730262289,step.compute,492844
11730270764,step.service,502380
11745879108,step.compute,177925
11745884958,step.service,185347
11761851596,step.compute,277505
11761858327,step.service,286691
11779045706,step.compute,181641
11779052788,step.service,191137
11795367302,step.compute,185508
11795373683,step.service,193211
11828688424,step.compute,189504
11828695166,step.service,198219
11845033631,step.compute,168960
11845038970,step.service,175561
11862150338,step.compute,175020
11862156058,step.service,183014
11884861649,step.compute,161196
11884866417,step.service,167436
11895935165,step.compute,198930
11895945894,step.service,213065
11928681073,step.compute,180058
11928687574,step.service,187912
11944954376,step.compute,164522
11944960587,step.service,172135
11961273848,step.compute,175130
11961279548,step.service,182492
11978748499,step.compute,200364
11978755351,step.service,210341
11995125679,step.compute,294264
11995131549,step.service,302679
12028263206,step.compute,296848
12028269177,step.service,305904
12045089736,step.compute,213836
12045095536,step.service,221379
12061799266,step.compute,191448
12061805316,step.service,199452
12078367474,step.compute,286481
12078374095,step.service,295426
12101360896,step.compute,164361
12101366025,step.service,170982
12130026113,step.compute,188773
12130032494,step.service,197728
12146773598,step.compute,195635
12146778286,step.service,201946
12163625852,step.compute,226698
12163632294,step.service,234191
12179751803,step.compute,179668
12179757542,step.service,186760
12196557447,step.compute,290768
12196562786,step.service,297429
12213652116,step.compute,214417
12213658056,step.service,222271
12248471935,step.compute,201715
12248477965,step.service,209439
12264320971,step.compute,181591
12264327742,step.service,190086
12280585678,step.compute,189214
12280591979,step.service,196948
12303514510,step.compute,202937
12303519920,step.service,209469
12314939819,step.compute,282484
12314945930,step.service,290337
12347561784,step.compute,173948
12347599458,step.service,213756
12364276682,step.compute,195895
12364282713,step.service,203809
12381121945,step.compute,176302
12381127865,step.service,183314
12398260770,step.compute,184056
12398265959,step.service,190236
12414025611,step.compute,178957
12414032152,step.service,187301
12447381893,step.compute,200704
12447387523,step.service,207946
12464113801,step.compute,240382
12464122376,step.service,251130
12480631312,step.compute,211172
12480639416,step.service,221630
12504077620,step.compute,198099
12504082759,step.service,204830
12513616588,step.compute,244539
12513622989,step.service,253845
12548337528,step.compute,228741
12548343538,step.service,235914
12564074542,step.compute,168108
12564079650,step.service,174409
12580900711,step.compute,219696
12580906371,step.service,226929
12597164628,step.compute,169470
12597171259,step.service,177264
12614205465,step.compute,330526
12614211365,step.service,337929
12665913970,step.compute,188864
12665919579,step.service,195565
12666215076,step.compute,149095
12666218141,step.service,152692
12681707200,step.compute,271545
12681713170,step.service,278818
12704603767,step.compute,180690
12704609036,step.service,187261
12713520509,step.compute,193982
12713526429,step.service,201926
12747608564,step.compute,179017
12747613283,step.service,185367
12764045788,step.compute,208948
12764053631,step.service,218464
12780786150,step.compute,183544
12780792481,step.service,191117
12797277086,step.compute,230705
12797282585,step.service,238739
12813724827,step.compute,178907
12813731068,step.service,186520
12848221552,step.compute,168138
12848227372,step.service,174930
12864255465,step.compute,252072
12864261214,step.service,258823
12881642274,step.compute,169771
12881647433,step.service,176141
12897837283,step.compute,174959
12897844305,step.service,183805
12920901396,step.compute,159192
12920906445,step.service,165223
12946780882,step.compute,171193
12946786171,step.service,177634
12963024123,step.compute,174209
12963030404,step.service,182062
12980188411,step.compute,171945
12980194131,step.service,179397
12996346155,step.compute,210451
12996352526,step.service,219035
13012894068,step.compute,161467
13012898786,step.service,167386
13046140580,step.compute,170773
13046145990,step.service,177654
13063288420,step.compute,246412
13063294240,step.service,254315
13079651316,step.compute,181722
13079659019,step.service,191318
13096377864,step.compute,186289
13096385166,step.service,195706
13112683872,step.compute,187431
13112690954,step.service,196276
13135826139,step.compute,160945
13135831358,step.service,167667
13164270927,step.compute,278928
13164276527,step.service,286170
13180512845,step.compute,183965
13180518044,step.service,190607
13197389691,step.compute,162479
13197394660,step.service,168769
13213668402,step.compute,199862
13213674403,step.service,207876
13247140061,step.compute,185969
13247145520,step.service,193381
13263342311,step.compute,175481
13263347951,step.service,182983
13281589864,step.compute,237567
13281599711,step.service,250509
13297636067,step.compute,213345
13297642378,step.service,221259
13313859804,step.compute,190176
13313865073,step.service,196617
13336942699,step.compute,168369
13336947828,step.service,174909
13363569534,step.compute,183764
13363574984,step.service,190506
13381153000,step.compute,210611
13381158770,step.service,219345
13396992780,step.compute,201284
13396997868,step.service,207546
13413679179,step.compute,307426
13413684719,step.service,315260
13447846940,step.compute,178646
13447852980,step.service,186019
13464180314,step.compute,180909
13464187056,step.service,191378
13479874965,step.compute,174138
13479880725,step.service,180880
13496805503,step.compute,195475
13496811633,step.service,203068
13513506888,step.compute,419839
13513514141,step.service,428223
13554122482,step.compute,199502
13554127972,step.service,206824
13554420472,step.compute,155396
13554423728,step.service,159073
13581383914,step.compute,204049
13581390786,step.service,212524
13596890032,step.compute,175100
13596896693,step.service,182964
13614289553,step.compute,249297
13614296905,step.service,259224
13648051598,step.compute,161637
13648056707,step.service,168018
13664079119,step.compute,174339
13664085080,step.service,182693
13680357710,step.compute,179668
13680363200,step.service,186409
13697530002,step.compute,233420
13697535471,step.service,240692
13714072956,step.compute,167187
13714079277,step.service,174960
13747108968,step.compute,169020
13747114818,step.service,176352
13770432195,step.compute,177354
13770436943,step.service,183294
13780435798,step.compute,189755
13780461262,step.service,217172
13796756852,step.compute,204891
13796762802,step.service,212364
13813466061,step.compute,174789
13813471630,step.service,181791
13846528428,step.compute,186399
13846534548,step.service,193511
13863487795,step.compute,190736
13863494156,step.service,198420
13880398258,step.compute,206825
13880403277,step.service,213526
13897140023,step.compute,186399
13897147495,step.service,195865
13914279508,step.compute,163270
13914284456,step.service,169430
13946599624,step.compute,183755
13946605414,step.service,190997
13964130450,step.compute,184917
13964136500,step.service,193200
13987590991,step.compute,174869
13987595649,step.service,180629
13996687661,step.compute,169170
13996693411,step.service,176101
14013741369,step.compute,167266
14013746618,step.service,174448
14046861404,step.compute,181712
14046868336,step.service,189605
14063052815,step.compute,167998
14063058605,step.service,174649
14080246573,step.compute,205832
14080252633,step.service,213996
14096994257,step.compute,303319
14097000948,step.service,313077
14113016468,step.compute,181601
14113021857,step.service,188393
14146776820,step.compute,176001
14146783431,step.service,184576
14163868523,step.compute,164722
14163874213,step.service,172005
14180536270,step.compute,194674
14180542791,step.service,203268
14203704139,step.compute,163400
14203709348,step.service,169931
14215506353,step.compute,287592
14215512884,step.service,295035
14247369265,step.compute,204380
14247376487,step.service,213475
14264065932,step.compute,216010
14264071231,step.service,223643
14281318660,step.compute,232378
14281328187,step.service,243417
14298178957,step.compute,170572
14298184907,step.service,177815
14314521117,step.compute,290628
14314527898,step.service,299112
14348224871,step.compute,189214
14348249533,step.service,215489
14364720033,step.compute,301677
14364726283,step.service,311103
14381476441,step.compute,207896
14381483614,step.service,216431
14404084052,step.compute,173126
14404088930,step.service,179207
14414561737,step.compute,371246
14414568248,step.service,379490
14447368986,step.compute,207635
14447374415,step.service,214778
14463720291,step.compute,209589
14463726552,step.service,217162
14480495282,step.compute,183825
14480500861,step.service,190396
14496802741,step.compute,220858
14496810324,step.service,230094
14513620515,step.compute,168719
14513626055,step.service,187030
14548079714,step.compute,311102
14548086766,step.service,319477
14564364244,step.compute,308318
14564370435,step.service,316322
14580503526,step.compute,213485
14580508905,step.service,221560
14597081059,step.compute,206694
14597086488,step.service,213716
14620117113,step.compute,157179
14620121981,step.service,162999
14632601986,step.compute,231056
14632606974,step.service,237697
14664315982,step.compute,182503
14664322073,step.service,192309
14680263526,step.compute,203279
14680268665,step.service,209839
14697837986,step.compute,184045
14697844076,step.service,191317
14714773030,step.compute,219616
14714778720,step.service,227078
14746815560,step.compute,182273
14746821600,step.service,190516
14763410853,step.compute,204480
14763416512,step.service,212615
14780619536,step.compute,182553
14780624515,step.service,188663
14797549502,step.compute,213946
14797554731,step.service,220427
14821208012,step.compute,261798
14821214383,step.service,269942
14847584718,step.compute,190336
14847591119,step.service,197959
14864178849,step.compute,184095
14864183877,step.service,190477
14880430112,step.compute,177434
14880435201,step.service,184005
14896807973,step.compute,199141
14896815055,step.service,207836
14913236580,step.compute,195685
14913242550,step.service,203248
14946859787,step.compute,195074
14946867710,step.service,204760
14963502952,step.compute,183925
14963509323,step.service,191478
14979822853,step.compute,209930
14979828312,step.service,218955
14996424476,step.compute,166756
14996429745,step.service,173236
15013248740,step.compute,182663
15013254740,step.service,189955
15036764044,step.compute,203108
15036769153,step.service,209378
15064212054,step.compute,179568
15064217974,step.service,187281
15080262353,step.compute,221139
15080267852,step.service,228421
15097618448,step.compute,211693
15097624809,step.service,219175
15114729123,step.compute,201595
15114736455,step.service,211172
15147196729,step.compute,214518
15147204382,step.service,225305
15163405720,step.compute,193261
15163411971,step.service,201916
15180315240,step.compute,162147
15180319878,step.service,167818
15197226554,step.compute,196005
15197232073,step.service,203188
15213223652,step.compute,204139
15213230183,step.service,211993
15237968131,step.compute,162038
15237973079,step.service,168018
15267750578,step.compute,162108
15267755577,step.service,168448
15280991926,step.compute,194443
15280998357,step.service,202357
15297517139,step.compute,179247
15297521847,step.service,185578
15317789018,step.compute,485712
15317796721,step.service,494537
15346729974,step.compute,192259
15346736205,step.service,200443
15364313409,step.compute,172084
15364318437,step.service,179247
15381958549,step.compute,263541
15381967705,step.service,275051
15398764402,step.compute,285649
15398771674,step.service,295306
15414159449,step.compute,184606
15414165739,step.service,192360
15437746095,step.compute,161797
15437751053,step.service,168248
15464014604,step.compute,195174
15464020364,step.service,203077
15490992098,step.compute,157871
15490997016,step.service,164222
15498340744,step.compute,166465
15498345712,step.service,172896
15513869459,step.compute,190837
15513875349,step.service,197939
15547750436,step.compute,244849
15547756677,step.service,253043
15564112910,step.compute,179518
15564118499,step.service,187100
15580878544,step.compute,199331
15580885095,step.service,207115
15597615729,step.compute,200573
15597620567,step.service,207556
15613574291,step.compute,189635
15613579840,step.service,197439
15653633138,step.compute,159193
15653638257,step.service,165804
15653897291,step.compute,117150
15653900266,step.service,120467
15681799047,step.compute,202446
15681805659,step.service,209779
15697476077,step.compute,264473
15697481967,step.service,272146
15714865810,step.compute,239701
15714872702,step.service,248405
15747381609,step.compute,180499
15747387489,step.service,188232
15763323773,step.compute,263361
15763331305,step.service,271916
15780124286,step.compute,175721
15780129736,step.service,184035
15797436196,step.compute,180679
15797458845,step.service,204971
15813598296,step.compute,200283
15813604036,step.service,207765
15847484172,step.compute,216140
15847491093,step.service,224694
15869912945,step.compute,160014
15869917823,step.service,166505
15881231680,step.compute,169139
15881236669,step.service,175431
15897505792,step.compute,230916
15897510931,step.service,237877
15913027846,step.compute,166776
15913033486,step.service,173717
15947135562,step.compute,199922
15947141151,step.service,207615
15963660373,step.compute,295647
15963668387,step.service,305313
15981403521,step.compute,298351
15981409782,step.service,306435
15996682759,step.compute,203278
15996688328,step.service,211222
16013651129,step.compute,178205
16013656879,step.service,184907
16048117788,step.compute,204300
16048122927,step.service,211883
16071837221,step.compute,156408
16071841979,step.service,162408
16072210851,step.compute,127468
16072214227,step.service,131456
16097762351,step.compute,169160
16097768031,step.service,176502
16113996455,step.compute,180118
16114001653,step.service,186830
16147951357,step.compute,276764
16147957668,step.service,284357
16164923304,step.compute,264704
16164929965,step.service,272316
16181480140,step.compute,205432
16181486901,step.service,215018
16198918034,step.compute,250539
16198923344,step.service,257251
16213930195,step.compute,189855
16213937467,step.service,198670
16232255940,step.compute,180660
16232261259,step.service,187361
16271968263,step.compute,156929
16271972791,step.service,163590
16272275409,step.compute,115017
16272278124,step.service,118132
16298663082,step.compute,180259
16298668381,step.service,187201
16315259505,step.compute,287362
16315266117,step.service,295246
16332108421,step.compute,271034
16332140496,step.service,304431
16365802597,step.compute,170492
16365807245,step.service,176142
16381497787,step.compute,249838
16381503327,step.service,256559
16397898646,step.compute,210311
16397904115,step.service,217162
16414829112,step.compute,158392
16414833720,step.service,164552
16447611095,step.compute,314308
16447618208,step.service,323254
16464218478,step.compute,261407
16464224779,step.service,269512
16487977829,step.compute,158391
16487982797,step.service,165063
16498751550,step.compute,219776
16498757400,step.service,227890
16515321960,step.compute,242486
16515327950,step.service,249838
16532237920,step.compute,209999
16532242909,step.service,216000
16564754289,step.compute,204000
16564761802,step.service,214036
16581097279,step.compute,196647
16581102348,step.service,203418
16597857673,step.compute,188513
16597863433,step.service,195474
16615194625,step.compute,267899
16615200625,step.service,275091
16632088428,step.compute,377146
16632098515,step.service,388977
16664852952,step.compute,286872
16664859864,step.service,295355
16688124568,step.compute,155727
16688129556,step.service,161958
16698428755,step.compute,160605
16698433954,step.service,167276
16714808498,step.compute,231257
16714814127,step.service,238699
16746962426,step.compute,210099
16746968246,step.service,217423
16763518009,step.compute,185658
16763523859,step.service,193140
16780121906,step.compute,189395
16780128808,step.service,198009
16798843840,step.compute,204110
16798849029,step.service,210541
16814996463,step.compute,306334
16815002313,step.service,314469
16831741712,step.compute,204781
16831746750,step.service,210951
16864967195,step.compute,207065
16864972294,step.service,213425
16888619333,step.compute,157540
16888624091,step.service,163410
16898208024,step.compute,274881
16898215056,step.service,284858
16915055889,step.compute,263481
16915061989,step.service,271164
16932123029,step.compute,180559
16932129089,step.service,188483
16964834491,step.compute,193942
16964839320,step.service,200744
16981458863,step.compute,203388
16981464372,step.service,210951
16997324805,step.compute,199182
16997330034,step.service,205562
17014561665,step.compute,249016
17014567825,step.service,256349
17032605436,step.compute,167237
17032610084,step.service,173297
17066097174,step.compute,168228
17066101943,step.service,174679
17086946481,step.compute,192339
17086951620,step.service,199031
17097611396,step.compute,249868
17097618288,step.service,259203
17113778403,step.compute,180188
17113784654,step.service,188362
17146660848,step.compute,235333
17146666638,step.service,244148
17163523076,step.compute,511456
17163529447,step.service,519269
17180506162,step.compute,226228
17180511591,step.service,232889
17197083221,step.compute,212624
17197088531,step.service,219125
17215650199,step.compute,156327
17215655188,step.service,163239
17247723478,step.compute,295405
17247730580,step.service,304101
17264262413,step.compute,179167
17264269224,step.service,187671
17280203874,step.compute,180068
17280209834,step.service,187020
17303302793,step.compute,156719
17303307562,step.service,163200
17314460853,step.compute,203488
17314466573,step.service,211231
17347782630,step.compute,175811
17347788319,step.service,183465
17363104540,step.compute,188823
17363110991,step.service,196997
17380171038,step.compute,175260
17380177709,step.service,183805
17396570564,step.compute,179508
17396576294,step.service,186199
17413084225,step.compute,199041
17413089815,step.service,206063
17448244160,step.compute,198710
17448249600,step.service,205081
17464130107,step.compute,242405
17464135937,step.service,250379
17480492148,step.compute,214067
17480499701,step.service,223132
17503684608,step.compute,166615
17503689716,step.service,173007
17513879407,step.compute,195775
17513886189,step.service,206574
17546409588,step.compute,190026
17546414667,step.service,198290
17563208669,step.compute,162308
17563214038,step.service,168679
17580374887,step.compute,198640
17580380327,step.service,205392
17596855703,step.compute,184897
17596862023,step.service,192830
17612981169,step.compute,163800
17612986979,step.service,171503
17646581513,step.compute,225887
17646588635,step.service,235283
17663666833,step.compute,160525
17663671902,step.service,166906
17680189310,step.compute,193261
17680194869,step.service,201846
17697193581,step.compute,184436
17697200453,step.service,194614
17720509462,step.compute,175180
17720514180,step.service,181511
17747353686,step.compute,207475
17747360327,step.service,215348
17764042788,step.compute,249798
17764048618,step.service,256819
17780222287,step.compute,215529
17780227475,step.service,223202
17797011840,step.compute,231066
17797018432,step.service,239641
17814088817,step.compute,223923
17814094266,step.service,230825
17846831141,step.compute,163920
17846836160,step.service,171073
17863403042,step.compute,205963
17863408662,step.service,214347
17881165583,step.compute,358654
17881173246,step.service,367650
17896943964,step.compute,174178
17896949554,step.service,182022
17913135955,step.compute,198691
17913140743,step.service,204911
17936916592,step.compute,160595
17936921540,step.service,167848
17963592226,step.compute,191518
17963597345,step.service,198270
17980518364,step.compute,245090
17980523463,step.service,251811
17997361178,step.compute,181601
17997367519,step.service,189855
18013283296,step.compute,204861
18013288605,step.service,211733
18046512043,step.compute,220137
18046518073,step.service,228402
18063684672,step.compute,196066
18063689741,step.service,202967
18080705732,step.compute,584391
18080721529,step.service,601551
18096749899,step.compute,191447
18096757261,step.service,201766
18113037222,step.compute,177064
18113042351,step.service,183715
18136917879,step.compute,164371
18136922767,step.service,170883
18163659055,step.compute,189234
18163663843,step.service,196066
18179937393,step.compute,179668
18179945677,step.service,190616
18196327131,step.compute,256689
18196333412,step.service,264843
18212819005,step.compute,218223
18212824905,step.service,226148
18246249407,step.compute,171955
18246254505,step.service,178706
18263722811,step.compute,186259
18263729633,step.service,195095
18280774012,step.compute,196857
18280781746,step.service,206353
18296755141,step.compute,182693
18296762594,step.service,191909
18314046333,step.compute,183223
18314051492,step.service,190486
18336705609,step.compute,160455
18336740829,step.service,196827
18363186509,step.compute,184466
18363191077,step.service,190707
18380259739,step.compute,200814
18380265088,step.service,208677
18396509638,step.compute,177424
18396515037,step.service,184225
18414012793,step.compute,192720
18414017752,step.service,199452
18446370708,step.compute,210911
18446375627,step.service,218144
18464389967,step.compute,322522
18464396839,step.service,331188
18481701855,step.compute,157570
18481706583,step.service,163781
18497284742,step.compute,217733
18497289680,step.service,225186
18513719658,step.compute,212343
18513726059,step.service,220388
18553826684,step.compute,180018
18553831542,step.service,186410
18554140612,step.compute,114606
18554143476,step.service,117862
18579775273,step.compute,163460
18579780472,step.service,170202
18597564969,step.compute,189614
18597570268,step.service,196576
18614624815,step.compute,215960
18614630194,step.service,222552
18648800022,step.compute,232328
18648805391,step.service,239220
18664106245,step.compute,243667
18664111554,step.service,250820
18680517591,step.compute,193722
18680522639,step.service,200143
18696681312,step.compute,242415
18696687162,step.service,249598
18713485390,step.compute,196426
18713490569,step.service,203278
18731896941,step.compute,182272
18731902842,step.service,190066
18753353778,step.compute,159253
18753358366,step.service,165303
18780830774,step.compute,182423
18780836083,step.service,189104
18797384564,step.compute,278477
18797390604,step.service,286350
18814840929,step.compute,273819
18814847180,step.service,281692
18848223859,step.compute,168749
18848229800,step.service,176101
18862397743,step.compute,171063
18862402281,step.service,178065
18879740574,step.compute,167527
18879745222,step.service,173787
18896252382,step.compute,205782
18896257010,step.service,213486
18912218895,step.compute,199923
18912223453,step.service,206574
18945809702,step.compute,199672
18945815692,step.service,207285
18968402764,step.compute,161146
18968407602,step.service,167377
18979663639,step.compute,162618
18979669138,step.service,170352
18996518643,step.compute,635838
18996523912,step.service,642710
19013517665,step.compute,206974
19013527261,step.service,218374
19045744995,step.compute,169160
19045750274,step.service,175550
19062630212,step.compute,166856
19062636302,step.service,175992
19078966659,step.compute,173887
19078971627,step.service,180369
19095561438,step.compute,187962
19095566476,step.service,194122
19111910326,step.compute,165092
19111915324,step.service,171614
19145818835,step.compute,239761
19145825527,step.service,249087
19162995401,step.compute,231536
19163005238,step.service,243467
19189416378,step.compute,274200
19189424331,step.service,284458
19198001941,step.compute,235223
19198008502,step.service,243857
19214152840,step.compute,229333
19214159862,step.service,238488
19246398922,step.compute,236976
19246406726,step.service,246793
19263013054,step.compute,217653
19263020097,step.service,226358
19279610608,step.compute,252963
19279618322,step.service,263782
19296195420,step.compute,239079
19296201932,step.service,247925
19312337254,step.compute,191748
19312342092,step.service,197999
19345138517,step.compute,215950
19345145339,step.service,225366
19363220513,step.compute,199331
19363226053,step.service,206443
19386249010,step.compute,201765
19386254189,step.service,208668
19396650103,step.compute,223022
19396656734,step.service,231677
19412794240,step.compute,196095
19412801963,step.service,204891
19445777345,step.compute,179277
19445782904,step.service,187091
19462496777,step.compute,189525
19462503960,step.service,198570
19479082571,step.compute,192740
19479088942,step.service,200383
19495748272,step.compute,192550
19495753801,step.service,200444
19512249761,step.compute,162629
19512255591,step.service,169540
19546973657,step.compute,306324
19546980028,step.service,314909
19563811502,step.compute,266777
19563817733,step.service,274450
19585647267,step.compute,172836
19585651955,step.service,178636
19597272395,step.compute,189424
19597278706,step.service,197448
19613151198,step.compute,295025
19613158160,step.service,303680
19647055140,step.compute,158331
19647059678,step.service,164461
19663028245,step.compute,316281
19663034916,step.service,324445
19679697531,step.compute,401728
19679706707,step.service,413418
19696247374,step.compute,181170
19696252933,step.service,188793
19712265335,step.compute,177915
19712272116,step.service,185889
19746117678,step.compute,241013
19746123488,step.service,248014
19763001713,step.compute,182633
19763006861,step.service,189224
19778525217,step.compute,190917
19778530677,step.service,198059
19801551911,step.compute,173086
19801556810,step.service,179307
19812835114,step.compute,191829
19812840634,step.service,199331
19845050294,step.compute,175210
19845056154,step.service,182222
19861952069,step.compute,181952
19861958520,step.service,190496
19878947614,step.compute,186560
19878952352,step.service,192540
19896746515,step.compute,564617
19896756432,step.service,576017
19913215108,step.compute,261408
19913226488,step.service,274700
19945829321,step.compute,202968
19945835201,step.service,211272
19962084950,step.compute,181271
19962090289,step.service,188212
19978495403,step.compute,236966
19978501984,step.service,245140
19996235703,step.compute,168038
19996241754,step.service,175551
20018571093,step.compute,175331
20018575640,step.service,181401
20045139441,step.compute,177444
20045144981,step.service,184676
20063023948,step.compute,213235
20063031321,step.service,224224
20079061463,step.compute,282053
20079067803,step.service,290618
20095986897,step.compute,309931
20095993639,step.service,318495
20112348907,step.compute,201936
20112354357,step.service,209819
20145404265,step.compute,192961
20145409173,step.service,199402
20162296583,step.compute,172065
20162301712,step.service,179417
20178823545,step.compute,224945
20178828874,step.service,232017
20195357810,step.compute,196066
20195363841,step.service,203729
20212141653,step.compute,223202
20212147042,step.service,229853
20236111822,step.compute,161677
20236116780,step.service,167908
20261913567,step.compute,169059
20261919347,step.service,176762
20278677035,step.compute,186910
20278682364,step.service,194353
20295240389,step.compute,182342
20295246480,step.service,190065
20311403298,step.compute,179477
20311409549,step.service,187441
20344763959,step.compute,201485
20344800341,step.service,240462
20361748845,step.compute,167858
20361753944,step.service,174278
20378147869,step.compute,167006
20378153268,step.service,173647
20395510442,step.compute,217853
20395515461,step.service,224595
20412042443,step.compute,165303
20412047071,step.service,171483
20434822584,step.compute,195535
20434827372,step.service,201565
20461995518,step.compute,165503
20462000877,step.service,172695
20478116635,step.compute,187642
20478125661,step.service,199552
20495659878,step.compute,220828
20495665488,step.service,229874
20511964049,step.compute,208166
20511970189,step.service,215970
20545178869,step.compute,190466
20545184940,step.service,198340
20561701975,step.compute,231867
20561708717,step.service,241534
20578163616,step.compute,213746
20578169015,step.service,222512
20595522814,step.compute,219827
20595529395,step.service,228691
20611981750,step.compute,172775
20611986818,step.service,179167
20655285708,step.compute,162729
20655290526,step.service,168759
20655562602,step.compute,137275
20655565577,step.service,140851
20678740073,step.compute,184025
20678744851,step.service,190637
20693952725,step.compute,189354
20693959527,step.service,197519
20726564853,step.compute,199982
20726570042,step.service,206474
20743968036,step.compute,187551
20743974127,step.service,196346
20760021117,step.compute,182593
20760027208,step.service,190777
20776725784,step.compute,172726
20776730893,step.service,179076
20793591697,step.compute,525540
20793599530,step.service,534926
20827206522,step.compute,181381
20827213074,step.service,189635
20843180928,step.compute,184275
20843187349,step.service,192389
20867279567,step.compute,179076
20867284195,step.service,184867
20877471731,step.compute,203819
20877477021,step.service,210951
20893674098,step.compute,214348
20893678906,step.service,221610
20926186135,step.compute,191458
20926190883,step.service,197828
20943577297,step.compute,219856
20943583829,step.service,228722
20959967365,step.compute,208477
20959974768,step.service,217793
20976269102,step.compute,187852
20976274091,step.service,194794
20992932818,step.compute,230255
20992939049,step.service,238899
21011070538,step.compute,234191
21011076459,step.service,241173
21044066924,step.compute,199031
21044071892,step.service,206153
21067872530,step.compute,186609
21067878049,step.service,193992
21077771291,step.compute,222501
21077777592,step.service,230585
21093720023,step.compute,197859
21093727826,step.service,208176
21127188106,step.compute,334122
21127194958,step.service,341826
21143739490,step.compute,198220
21143746562,step.service,207856
21159571572,step.compute,200233
21159577161,step.service,207485
21177057135,step.compute,305703
21177066281,step.service,316712
21193823988,step.compute,178555
21193829527,step.service,185328
21227719483,step.compute,259124
21227726455,step.service,269091
21243823661,step.compute,210570
21243829982,step.service,218735
21260634659,step.compute,253203
21260640770,step.service,261548
21285123666,step.compute,160835
21285128294,step.service,166565
21293926761,step.compute,296628
21293933532,step.service,305644
21327536316,step.compute,211442
21327542156,step.service,218514
21343871580,step.compute,234322
21343877229,step.service,241373
21360794790,step.compute,217753
21360803836,step.service,229042
21377208558,step.compute,165874
21377213517,step.service,172335
21393749354,step.compute,189214
21393755715,step.service,197328
21426804590,step.compute,177795
21426809518,step.service,185187
21444028065,step.compute,245470
21444034255,step.service,253114
21460137311,step.compute,208598
21460142981,step.service,218013
21477059510,step.compute,159493
21477063907,step.service,164973
21501743290,step.compute,160886
21501748128,step.service,166956
21527503694,step.compute,190837
21527511157,step.service,200263
21543804569,step.compute,185899
21543809066,step.service,192800
21560687450,step.compute,177765
21560693561,step.service,185538
21576783194,step.compute,173688
21576788593,step.service,181050
21593831248,step.compute,205322
21593836877,step.service,213275
21626796620,step.compute,296047
21626802761,step.service,305273
21643489486,step.compute,280310
21643496648,step.service,289065
21660344810,step.compute,218715
21660350129,step.service,226218
21677619302,step.compute,206042
21677625683,step.service,213726
21700787227,step.compute,166905
21700792345,step.service,174058
21713617939,step.compute,163279
21713622707,step.service,170111
21744259912,step.compute,188042
21744267625,step.service,197929
21760330703,step.compute,179267
21760336242,step.service,186169
21776422149,step.compute,177293
21776428971,step.service,186429
21792794687,step.compute,178525
21792800136,step.service,187190
21826276744,step.compute,199582
21826282834,step.service,207926
21842686475,step.compute,179658
21842692846,step.service,187882
21859878405,step.compute,209569
21859883724,step.service,217152
21876232491,step.compute,187752
21876238481,step.service,195335
21893007458,step.compute,197539
21893012827,step.service,204951
21916059323,step.compute,182623
21916065193,step.service,189795
21943235792,step.compute,197439
21943241552,step.service,205712
21959112180,step.compute,185858
21959117660,step.service,193682
21976593105,step.compute,212323
21976599366,step.service,220848
21992329303,step.compute,216471
21992335774,step.service,225516
22026219077,step.compute,170822
22026224105,step.service,178125
22042853121,step.compute,202908
22042860003,step.service,212364
22060369908,step.compute,194704
22060378112,step.service,204580
22077322258,step.compute,246282
22077331123,step.service,257341
22093937971,step.compute,171524
22093943611,step.service,179487
22116333983,step.compute,197007
22116339202,step.service,203378
22143287018,step.compute,237737
22143292618,step.service,244569
22159504549,step.compute,271144
22159513365,step.service,282544
22177606087,step.compute,214838
22177610825,step.service,221289
22193868986,step.compute,190296
22193877731,step.service,201245
22227089494,step.compute,198259
22227094523,step.service,204680
22244118846,step.compute,184977
22244123684,step.service,191298
22261352147,step.compute,258203
22261359379,step.service,267368
22278290954,step.compute,199812
22278296753,step.service,208677
22295239357,step.compute,195945
22295244515,step.service,202808
22318287455,step.compute,160144
22318292253,step.service,166626
